<?xml version="1.0" encoding="UTF-8"?>
<beans xmlns="http://www.springframework.org/schema/beans"
	xmlns:xsi="http://www.w3.org/2001/XMLSchema-instance" xmlns:mvc="http://www.springframework.org/schema/mvc"
	xmlns:context="http://www.springframework.org/schema/context" xmlns:p="http://www.springframework.org/schema/p"
	xsi:schemaLocation="http://www.springframework.org/schema/mvc http://www.springframework.org/schema/mvc/spring-mvc-4.0.xsd
		http://www.springframework.org/schema/beans http://www.springframework.org/schema/beans/spring-beans.xsd
		http://www.springframework.org/schema/context http://www.springframework.org/schema/context/spring-context-4.0.xsd">
	<!--xml name space. 접두사가 없으니 default tag -->
	<!--접두사 xsi가 있으니 xsi 태그가 있으면 이 주소 속성에 정의되어있음을 의미한다. -->
	<!-- @어노테이션을 이용해서 개발할 수 있도록 설정 -->
	<mvc:annotation-driven>
	</mvc:annotation-driven>

	<!-- 어떤 패키지부터 @어노테이션을 찾아서 컨트롤러를 사용할 건지 설정 -->
	<context:component-scan base-package="com.mycompany.myapp"></context:component-scan>

	<!--Controller가 필요 없는 정적 리소스 폴더 설정 -->
	<mvc:resources mapping="/resources/**" location="/resources/" />

	<!--스프링 관리객체로 등록 (@어노테이션 사용 안할시) -->
	<bean id="viewResolver"
		class="org.springframework.web.servlet.view.InternalResourceViewResolver"
		p:prefix="/WEB-INF/views/" p:suffix=".jsp" />
	<!--p:prefix는 setter이다 p는 property의 약자 -->
	<!-- 세터주입과같이 아래처럼 해도 됨 -->
	<!-- <property name="prefix" value="/WEB-INF/views"/> <property name="suffix" 
		value=".jsp"/> -->

	<bean id="multipartResolver"
		class="org.springframework.web.multipart.commons.CommonsMultipartResolver" />




</beans>
